"","time","user"
"12",1483338960,1
"40",1483341840,2
"26",1483385160,1
"54",1483387800,2
"10",1483424340,1
"9",1483425240,1
"6",1483427220,1
"38",1483428240,2
"37",1483429260,2
"34",1483429680,2
"23",1483470300,1
"24",1483472640,1
"20",1483473960,1
"48",1483475940,2
"52",1483476360,2
"51",1483476720,2
"3",1483512660,1
"31",1483516860,2
"17",1483558200,1
"45",1483562700,2
"14",1483599420,1
"42",1483603620,2
"28",1483644480,1
"56",1483646760,2
"13",1483683060,1
"41",1483687200,2
"27",1483734060,1
"55",1483734960,2
"1",1483770360,1
"29",1483776720,2
"15",1483818120,1
"43",1483823100,2
"8",1483858860,1
"36",1483863000,2
"22",1483904700,1
"50",1483908840,2
"7",1483943580,1
"35",1483947480,2
"21",1483992600,1
"49",1483994760,2
"11",1484028120,1
"39",1484032620,2
"25",1484079000,1
"53",1484084520,2
"4",1484202480,1
"32",1484205720,2
"18",1484250780,1
"46",1484253420,2
"5",1484376900,1
"2",1484377800,1
"33",1484378460,2
"30",1484380140,2
"16",1484420400,1
"19",1484423220,1
"44",1484425380,2
"47",1484426160,2
